Clase,0,1,2,3,4,5,6
cavallo,2.7648998313541093,6.215435152919964,9.269921862255845,9.743340437593218,19.326750454619837,-14.176544785338294,-19.512987361275826
cavallo,2.87933004559745,6.8164456388092365,10.532533350539829,9.909973053593452,20.259814111495267,13.483326154609674,-20.30613384496265
cavallo,2.7626462907962206,7.132476809568669,8.708184656362986,9.604935546776053,-18.827604340772357,13.362641690465235,19.051959921818586
cavallo,2.933296150300245,6.771417468807311,9.599024759965298,10.38176595470194,20.405945191998583,-14.317034716389008,-20.792856685670852
cavallo,3.054149975301744,6.661697559457155,10.507392434605896,11.198857421641808,23.798919471020714,-14.90126888238393,22.052051999369716
cavallo,2.9374549007784996,6.983863315076869,9.390416284147422,10.253999635861582,-20.37292808249209,13.876562226017484,20.140132684866717
cavallo,2.8722597199487225,6.395615879449976,9.380602150841884,10.048826887447511,19.786903588079493,-13.634841695568923,-20.25923824062653
cavallo,2.941229629281983,6.385535994433869,9.809013003746616,11.319794859501908,-22.49064981866831,14.558228606925297,-21.897923545994956
cavallo,2.475752517186537,5.405996433846191,8.219131760725586,8.942795972756853,17.52462713906752,11.697256142362821,-18.723485937330075
cavallo,2.553959838194779,5.241900663154793,8.97822946644823,9.510032479280119,18.84103438027307,12.215081466395757,-18.995092720263944
cavallo,2.9772859846415898,6.60822296683737,9.673561305337724,10.401818122096428,20.441587260699816,13.834847779163635,21.449952244049065
cavallo,2.824566025362227,6.361514147131484,9.925662395029068,10.03434263496595,20.289673643061054,14.184076248006864,20.08610524818011
cavallo,2.5026821363117175,6.193068068648539,8.084313063709878,8.051487876626675,16.130143175433282,11.412728226239379,-16.777318977605276
cavallo,2.674971744573295,6.214534595961627,8.609936990040064,9.768316088448207,-19.048451349414098,-13.72763351277025,-19.190195678826182
cavallo,2.817105928106459,6.176669443338599,9.201965962727353,10.153269429802858,20.286210684176897,13.243223714156727,19.859348632199538
cavallo,3.0011823532005364,6.690858562333313,9.740113147847136,11.108415395840918,21.56081297434103,-14.748180802355094,-21.990361222954157
cavallo,2.752023340412587,6.017968346702418,9.553039669277078,9.497965736944597,19.347948041332383,13.621104171097622,19.078652135856405
cavallo,2.359374245587889,5.507530595921632,7.924605342679239,8.588886968268339,17.225885464272842,-11.647244069156907,-16.8870322558764
cavallo,2.7794414900606674,6.115593866696579,9.385974474353656,9.854740760270813,19.565724151660028,-13.244042317956243,19.70858890543081
cavallo,3.037838330478141,7.076911401892232,9.94794030072245,10.691634092701323,-21.013379130722413,-14.259567519610894,22.034887834414832
cavallo,2.6377809616266936,5.887464050156459,8.947606740507101,9.46071376977452,18.665144435412174,-12.406596235576965,20.11737459922516
cavallo,2.9165016341232057,6.193851755574138,9.89624832744258,10.529300657125157,21.304823239774958,14.003537721727056,-20.758981699304996
cavallo,2.6665752177164554,6.099287882647667,8.597088683451373,9.601872143988881,18.73297335029688,-12.680066329405502,19.135361911928086
cavallo,2.6607623149728914,5.849790739202137,8.772840309172858,8.890447216638869,17.732471524185843,12.66802544999556,-18.387527663455458
cavallo,2.8089152978387375,5.980338762515339,8.769835916251594,8.8192241095226,17.614634928265254,11.810797979551865,-18.810131437670876
cavallo,2.852581289238313,6.471444284082592,9.198271963872479,9.77766506312683,19.30571176063188,13.717160869248158,-19.652287683714746
cavallo,2.852098833629239,6.061726429804277,9.174143462651891,9.28394973278073,18.516669180458745,12.373865989367088,19.400705731002766
cavallo,2.7871628714866477,6.274394098890448,10.57928883443125,9.52614201253639,-20.352129475400393,13.56248003900865,-19.585115694020416
cavallo,2.389917168087691,5.320666084541106,8.1651150576644,8.970678607313008,17.54828501750391,-11.796751978354212,18.21818912611797
cavallo,3.07927119434219,7.2632199554102765,10.512089762104262,11.463126326406128,-22.531737629848454,15.09647868209824,-22.70410427390765
cavallo,2.6572218281008277,6.0288482676366835,8.667029279129201,9.530083186391295,18.646324395203443,-12.61772561230547,19.18199681752593
cavallo,3.0311248465969736,8.176742125881265,11.397252842820313,11.276257269984745,-23.191590360527677,15.83604333601048,22.628686232805258
cavallo,2.6696475953101344,6.28054104934966,8.089035486604248,8.321883469710908,16.536847813032857,11.465638603140805,17.211482223264174
cavallo,3.0686700451674,8.556335705308163,10.724088818813794,10.994247926203112,21.87901612702889,16.103782073330535,-22.330349073141583
cavallo,2.9232679606233773,7.41886635761052,10.25541790922066,11.995499956031026,-23.127111445042488,-17.138674176679288,23.897874891670675
cavallo,2.8578426403327843,7.3930004288299145,9.115277221221815,9.81033940646493,20.67337364850681,-13.898414778812862,-19.27349179004321
cavallo,2.7443359940935106,6.64055444015295,10.129052931611728,9.892364062908234,20.081203915761876,-13.532557300987625,-20.029090424024062
cavallo,2.9649060178250424,7.018085617171639,9.389376456933007,10.71165452946126,-20.778826620682143,14.718089875266369,21.32802908921471
cavallo,3.105540881410994,7.1577357169530895,10.114840082551195,14.044889984023186,26.229246785524886,-17.847452832165736,-26.333533269050655
cavallo,2.9159100473073467,6.46475596903016,9.946662105299957,10.41480379061804,21.542475581566546,14.45444213384665,20.598327122725074
cavallo,2.94075374814452,6.338514214937211,10.047522759647965,10.815728654495576,-21.585030843807537,-13.986286558249718,21.298864633916295
cavallo,2.7947055460885517,6.204140563996961,9.0430034276313,10.049475915141175,-19.67535911195533,-13.767061003638231,19.852123504965995
cavallo,2.2246874682291504,5.9836251682837736,7.322419732349965,8.284728603675525,16.136067688273567,11.433866397607895,16.440570275808668
cavallo,2.9044623217856405,6.6738637428712755,9.64715244252367,10.767144140894546,21.948292653912628,-14.483286865477831,-20.976754007433822
cavallo,2.912877333249594,6.434185233561646,9.526057724368423,10.392105125124232,20.593744461257618,-13.677533125901341,20.437260796292566
cavallo,2.9408261526312596,6.7456794701839256,9.368247488307048,11.275557702008205,-22.563283428807964,-14.798367562315065,21.600016891455343
cavallo,2.9638422701456246,6.880384813359432,9.386516502765751,10.27396071574281,-21.687587285780275,-13.81842830445141,-20.10434727881388
cavallo,2.9009136436583844,7.141294138594167,9.397165237006151,10.074964594050373,-19.832557176087803,-13.6471221293517,-20.323583103122953
cavallo,2.849981090575484,6.29643958769265,8.878255353445974,9.383908012538008,18.538793319916778,12.546165612484868,-19.00683840929893
cavallo,2.951430766954177,6.615507470495926,10.108031170575563,10.766342209396676,-21.204244353956263,-14.315305395967476,22.44497243145393
cavallo,2.3239250714204633,5.857958212402979,7.712474322752696,8.154828612752278,16.127922834508002,-11.142361729351977,16.47829656497904
cavallo,2.8345107732188577,7.225329527208989,8.899988047855976,9.662518410918524,-20.31320513033395,-13.291551283337991,18.94416817738918
cavallo,2.57856297629153,5.744979231514058,8.97236805577089,9.075631223845866,18.688411434811567,-11.98518812900085,18.114560074571365
cavallo,2.9675156072214555,6.771929010809854,9.53938126113647,10.616581727620842,20.755941050910906,-14.062257182000428,-20.998901147124364
cavallo,2.99891375322395,6.774489915778067,10.232757123550083,10.485116708701637,20.942085999882664,-14.986152948902408,21.06392127525918
cavallo,2.8052302606566832,6.214225361771362,9.410039179485445,8.996813324589883,18.20111922159521,12.14437770953607,19.396902697028278
cavallo,2.8282356602213277,6.095720972400078,9.471072576703264,10.386281767801403,20.48297342659338,13.802854697363978,-20.449280131143308
cavallo,3.0877006375979836,6.769371574745654,10.76156794452273,12.643004124161664,24.49427253503636,-16.161409712533416,-24.497345932093175
cavallo,2.787785343990881,7.4493407577391295,9.534029189977762,9.828878629641233,19.513197644200513,13.5536771025618,-20.451570421013162
cavallo,3.034543893946554,7.378799702413687,10.361750612979936,10.34922957616779,-20.8691511094637,-14.225941764442661,-20.842156636114925
cavallo,2.3631562311920606,5.2044826487026326,8.399569042765139,8.410216619223192,16.86027476735144,11.23897534129884,17.17827545419678
cavallo,2.7009092963290287,6.650578792121974,9.397764803879904,9.058308811681576,-18.304477358873456,-12.384011230669023,-18.834505833105073
cavallo,2.750619005747454,5.892598076843785,9.300174655423191,10.368583271129205,20.42361466686465,-13.44860517908174,-20.300548083360116
cavallo,1.449404957657241,3.292480521123978,5.453757120449447,6.377690570252195,12.380399248265546,8.699852839078694,12.534112310882241
cavallo,3.0233585917872747,6.84090946441858,10.181354848305508,10.685739406742032,21.12267660073261,14.452734553576835,22.024252372297155
cavallo,2.854879515099624,6.672417925747158,9.291795859634409,10.581132831007496,20.718903233565644,-13.917419346143355,20.626978028111523
cavallo,2.6752873802460573,6.368038006749417,8.619972040443002,8.950141586402871,17.736510165840215,12.682021867615028,-18.84530292298654
cavallo,2.8468931650480327,6.727523289836992,9.143821541130215,10.6792762420013,-20.70968405813409,14.057928744674427,-20.77841178755957
cavallo,3.011439834759487,6.923754732040477,9.993222328013506,10.584000003530116,20.895284511902695,-14.18957656118048,-21.3744685852227
cavallo,2.790527368048084,5.854001481128549,10.440565387934567,10.457296676482061,21.037472993987606,13.485042157911439,21.077890425007933
cavallo,2.605052275648441,5.444767918262836,8.243353390762868,8.609897679471937,17.04427720906932,11.44942120508299,17.764003089217248
cavallo,2.8097924766757063,6.596026156098522,9.994847344186967,9.52359698603729,19.351636345155743,13.30728908892987,19.56584846865104
cavallo,2.8198028642100237,5.976644638756708,8.80377400400354,9.198794669922462,18.2133800941054,12.283749227583026,18.813129191142455
cavallo,3.0694429676771047,8.199191147913746,9.849288796732425,10.985852685211114,21.54109848942971,15.158001919726056,21.567585561819655
cavallo,2.648471109088466,6.130846758527,9.08263807600178,8.457585697209737,17.22773305142837,11.756139374165443,19.12117649498071
cavallo,2.968395455618881,7.491257383517916,9.8918736613219,10.388945788268442,20.628135869589105,-14.331246098576857,-20.747918471259865
cavallo,2.9888378232500257,6.790782540568865,9.773567659586313,10.633528723435106,-20.904322415178353,-14.062618908497637,-21.124378216784187
cavallo,2.472574046696159,5.342370246503227,8.187277952721564,8.787071030938822,17.2751217842956,11.473413120825297,18.471743792074825
cavallo,2.8068762073262117,6.098925213891242,8.449287182685525,8.937079973407934,17.633942796909793,12.120062858299205,-18.517598353477045
cavallo,3.04049212626599,7.295137419278106,9.622468954442041,11.839228039185523,22.673248852326807,15.488393158516278,22.78121953615054
cavallo,2.5535652581162434,6.494144162508004,8.210564391105057,9.292285992197698,18.542267039230076,-12.610853292372889,18.066750984111962
cavallo,2.385251484838331,5.706279406529341,8.229541407918859,8.153133174691655,-17.253279865411226,11.203700924944117,-16.347800597568163
cavallo,2.934293416607022,7.078444145739486,9.974202142320072,9.661736115261117,19.777255298239496,14.48907964068092,19.543347097159902
cavallo,2.818630610182981,5.73688514375781,9.686332732643802,10.19180826656812,20.178394140289186,13.255207617519739,20.484163492579466
cavallo,2.6010662401726883,5.908674804674468,8.609877077830683,9.121859526487796,-18.332572309435484,-12.076197404144256,-18.037358628053077
cavallo,2.978134156229293,6.4910857650605704,10.877182485676169,10.940122273695508,21.858203258556486,14.18585626684531,-22.534625245557244
cavallo,2.96120799953705,7.193351575748101,9.546058378341357,10.400089490915002,20.408093354551184,-14.862410257221356,20.787172630609128
cavallo,2.839850644037407,6.07149905100453,9.660140357388242,9.858313919154675,19.623819885425426,-12.894166841523337,-20.390110770737987
cavallo,2.683012157801054,5.875265737011022,8.91221092609598,9.484920275742754,-18.685548577533275,-12.537968474769036,-19.695675442265237
cavallo,2.8860050695638266,6.264515189280609,9.412223829922215,9.880198339449533,-19.578990313131307,-13.176807291305256,-19.860132817072742
cavallo,2.9415344069648355,6.729081747200967,9.605524174806032,10.41775181753599,-20.973848288335102,-13.785795639504805,20.447846925710948
cavallo,2.8873845130986378,6.173446240999228,10.625953417965565,10.587452308434637,-21.207907582508035,-14.281480517915353,-21.800182812683094
cavallo,2.761179225455684,6.2332474096429,10.599778194049588,9.970991154036065,20.392142654889014,-13.138272415395097,20.42271412421319
cavallo,2.968421691253352,6.420530865532495,10.57262379345813,11.258737952543765,-22.487423627988502,14.469059485091028,22.233038963673085
cavallo,2.9355126245266634,6.430556804572734,9.422906662868346,9.547223764206052,19.181050732743397,13.283498567939645,-19.184571489345704
cavallo,2.702069299472944,5.984200838534671,8.666041444250089,9.40287963633148,-18.437534326658334,-12.508631336350522,19.961745663073348
cavallo,2.808227810744515,6.880240335049457,9.482102359280203,9.701240973894452,-19.343432538772472,13.187946909023694,-19.634329001320566
cavallo,2.9714114821273445,6.620378856924562,10.045524646891794,11.497983691077438,22.269741564812584,-15.110445228022886,24.653262231897838
cavallo,2.966770658403904,6.67313802429701,9.352537057518441,11.08933958731037,21.31216948280688,14.598767868796354,22.34118849354113
cavallo,2.992044511607178,6.740118562636324,9.984536736728636,10.847233150678441,21.341194402816456,15.471920522291057,21.52310532886647
cavallo,2.521804201203103,5.412820092519834,8.470845457689258,9.119704579121873,18.14698966096487,11.83005294417143,-18.006376133646587
cavallo,2.9503039340756856,6.883567312076856,10.129453343210457,10.479645130572399,-21.280589413613193,-14.465707402639763,20.807477382216824
cavallo,2.802214902502812,6.573756282764097,9.212490832511438,10.049806118175841,-20.354776403927957,-13.77118599059956,19.690932757794734
cavallo,2.7512644539669937,7.17203252309947,9.485137094794169,9.548300152728741,19.184729948843145,-13.180662669367635,-19.251441292367225
cavallo,2.96135167189055,7.306817675840244,9.456136889257408,10.797497916925611,-22.60424028512323,-14.790939605670118,20.92441016132137
cavallo,2.6400429644978716,5.789208475088726,8.411381099177378,9.45420543810031,20.79879216241024,13.244636422796727,18.38700196638579
cavallo,2.8927004828934617,6.3437743743759984,11.532487458215266,10.729535132125745,-21.924042141867474,-14.781102514745644,22.15852615622418
cavallo,2.7059546605094016,6.015644980835407,8.704578733358517,9.035818850619583,17.910175627320168,13.186957615192808,-18.767029031281716
cavallo,2.795328914420259,6.649242463789695,9.880894245804107,10.260157811723184,-20.332105078071862,-13.599458660423531,21.42343787214683
cavallo,2.9136686064086237,6.244194379765684,9.854469804974704,10.434815343860683,-22.498768384157167,13.60588153956768,-20.5794894075468
cavallo,2.909415455309735,6.3999382722474305,9.671156313419095,10.819790578869371,21.08843078703454,-14.131611728840234,-21.56268891567941
cavallo,2.8076134495789073,6.488787941612307,9.091272073400969,10.94457042882306,20.972574888771504,-14.24901588274238,-21.634091542166168
cavallo,2.942780113522394,6.242272052109582,10.497590549608935,11.639115647470682,-22.71409857574494,14.891894489517739,-23.468400344149675
cavallo,2.7813725876559743,7.190377677808178,9.983232729754848,9.817223456180766,-21.67829610143536,-13.419528430134694,19.717477556183162
cavallo,3.0434787045773257,7.184270033972918,10.118135712083896,10.62120372398955,-22.078607787316365,14.34918279151575,20.992328027550464
cavallo,2.6997064838097744,6.375427419844553,8.673024937195212,9.348228411831087,18.48803413237906,-12.765078163060972,18.53303314122233
cavallo,2.8221699898344177,6.68692449593359,9.124546292279703,9.677024013851188,19.775739456753783,-13.035670934120336,-19.086716980049207
cavallo,2.8505268464343776,6.188969425085839,9.382468335909111,10.959328150757674,21.420747627926712,14.065493513983071,-21.196314818671418
cavallo,2.899040349506398,6.619876911950417,9.175202203255665,10.912876966168245,20.98675284712522,-14.4745848298713,21.402668610104953
cavallo,2.9425773661201045,7.021221570169435,9.284376431303793,10.162508634315113,19.888785116202634,-13.846568617981195,-20.829547734403825
cavallo,2.415784857665159,5.533950823014154,7.685608277312945,9.217177691954817,18.070730857158143,-12.143203560413538,-17.705636407810747
cavallo,2.913283702034154,6.46565211009062,10.024491060398688,10.290269975024536,-20.448659717069976,-13.813017929028165,21.61453818258819
cavallo,2.7084693123066197,5.55511253380409,8.997773973330936,9.217463391697189,18.32553700073588,11.995121088165197,19.664716025500905
cavallo,2.8838836166717186,6.5881134215250805,9.774490634396964,10.81741277680204,-21.30786681951066,14.980844177590921,21.227319198276916
cavallo,2.9639247862645544,6.368367062211565,10.303926204442204,10.415531785281203,-21.36854975447985,13.966706455974878,-20.789872667349417
cavallo,2.8447667177322904,6.49579273889878,9.391717096627538,10.016554212026307,-19.75370635480904,14.116912403474153,20.14600069950795
cavallo,2.7849720538788354,6.19575057600795,9.657098411582199,10.350006373002497,-20.67632679309054,13.546596888292484,-20.409240214170183
cavallo,2.8305816063707336,6.0538771579028365,9.740381077440631,10.161781119707008,-20.522726544562712,13.316641452966147,20.148523684003344
cavallo,2.8297212224149164,6.2579499616346235,9.346144163976946,10.07925304602959,21.016978373737462,-13.221334011299883,-19.792723393444806
cavallo,2.7716990273811066,5.886897349542626,8.84099391927832,9.321562455978073,18.415254233951355,12.347115909542708,19.030446324209183
cavallo,2.0498023153574016,4.839363397348063,7.747325607661934,7.797763274710958,-15.911963996104395,-10.221982308606679,15.620764812750737
cavallo,2.8036985355810926,6.439048212179916,9.205487048918458,9.928963151915188,19.62486831331297,-13.822506949084547,-19.670981767337402
cavallo,2.951519791158433,6.927084063907794,10.350774096647609,10.518544714832604,20.975260520319036,-15.03845144923429,21.460748821358607
cavallo,2.6297771694638383,5.875395253146959,8.97902776035361,9.336009457218076,-18.542410091562548,12.346815507522678,-18.84131334004
cavallo,2.928156896548876,6.178701496338213,9.736823126950275,9.876591159565185,19.69649400342953,13.005546802908158,-20.298023673079612
cavallo,2.818750918783444,6.4841297921526495,9.52404934365739,9.728206792565722,20.159900151755163,-13.567249744298305,19.359717499666452
cavallo,2.8772602343543316,6.203929459746266,9.745342671256466,11.234378246780143,21.770117506725047,-14.380755693274528,22.084345482892264
cavallo,2.735981223361679,6.122184245371751,9.003309447178603,9.071627380770991,19.162991979508405,12.24105856654042,-18.11079662772706
cavallo,2.8690916798181494,6.233416255748197,9.596797184672583,11.793730980781039,22.57251810599618,15.101430940878588,22.73689358936392
cavallo,2.887723169928089,6.4634189403572915,9.69347739025165,10.483838608184064,20.725090897137253,-14.213729869164524,-20.720952034426812
cavallo,2.9579818231359574,6.878405993521951,9.721624208068722,10.31595408806278,20.38148630519829,-14.041507099754787,20.691214231625814
cavallo,2.7291449556829956,5.623303762419398,9.462380001002169,9.44195336945725,18.90203920671012,12.274238408077812,19.617105414966947
cavallo,2.1833050347962337,5.08035700492405,7.704613626233624,8.320057384048406,16.341188229550312,11.327489016884487,-17.033026548579798
cavallo,2.9464436193145693,6.369055848761509,9.736990322466955,10.366782346868835,-21.47502955917959,13.667659956640852,20.42035024400551
cavallo,2.9778279203953906,6.682533564408744,9.505978808880675,11.191567766505491,-21.68210918698461,16.493105106696984,-21.699970085099615
cavallo,2.655104372438,6.139445039995869,9.701227353574586,9.651308686691731,20.77959754043667,-12.846944119969336,-19.32784771576258
cavallo,3.048597953298225,7.150129091029845,10.034296807664294,10.96272331755582,21.462012435271795,-14.953176140600059,22.684215488842447
cavallo,2.9278401141137826,6.649076014030943,10.108337586492242,10.069336806690918,-20.37078583957689,-13.430605245725214,20.260457819528778
cavallo,2.9066205781214447,6.491939735653075,9.782000476893955,10.764485220216244,-21.36214286980732,-14.678424580987933,21.09293051664984
cavallo,2.9682236599346155,6.571857885998709,9.39036728397552,10.958564091063389,21.217273334952264,15.079469994865017,-21.379400287007766
cavallo,2.932064968932327,6.641133979754545,9.654790680685469,10.23196706307506,-20.497697404392245,-13.5660799798169,20.23114929442019
cavallo,2.9162417647139347,6.996842689178233,9.70481907526098,10.329123882175917,20.35960591280928,-13.859145991222418,-20.955856223359653
cavallo,1.406551675364562,3.1709686995297957,6.0949590184678595,5.131149871034724,10.805085101871446,6.737217275506393,-11.050071001022829
cavallo,2.5852195616589855,5.786249312730943,9.505800003485424,9.12057054763986,18.655308992329722,-12.02994227084451,18.530832277214962
cavallo,2.9231932666522726,6.662552093058452,9.403479720196753,10.942945612379287,-22.330179763664876,-14.279046006329624,-21.116970216369452
cavallo,2.9235687769899825,6.510771690076386,9.651530072956378,10.637151765974771,-20.782805131318405,-15.000678455844294,-21.891484987227244
cavallo,2.8905620638330065,6.432643737741479,9.596057765855175,11.066238525946368,-22.100580001530155,-14.66942452005732,-21.4060768522115
cavallo,2.5565610049417224,5.561025637306148,8.7908980902277,8.776908133395569,17.565007470366876,12.380384447975215,-18.419853745199283
cavallo,3.0148633327074648,6.82096101796379,9.57376720412497,10.563976538382791,20.649664404383028,14.223017457580525,21.196718022975457
cavallo,2.7214807411815682,6.334121912729174,9.127664745412844,9.511698568172116,-19.070335429416154,-12.703846987050298,-18.91922883448409
cavallo,2.8858706717427425,6.634615582876483,8.93586080370505,9.712205311245635,19.098092695612912,-13.515958682324854,-19.33912401033704
cavallo,2.864150235904797,7.35828266527597,9.172054450478573,9.815226874850158,-19.469754950741805,-13.60029249941178,-19.44948307086996
cavallo,2.900390615314358,6.493229258569569,9.922185742671122,10.144488578206447,20.187517724772178,13.523193937350262,20.857824471771693
cavallo,2.247295705285155,5.076301411158909,8.240285444524824,7.764534201133017,-16.628512640562487,10.434774255328945,-15.771091250013473
cavallo,2.9378277038612475,6.482053221362029,9.817858900941886,10.815822258453064,21.21288464866664,-14.274878814575976,21.387771205715826
cavallo,2.982639746911015,6.866075015909233,10.312446129784025,11.486132670410807,23.157300684476837,-14.994464727886033,-22.39172119413677
cavallo,2.9999429659664343,6.517504579797013,9.880210043381455,11.728070787192566,23.484903529892954,-15.477427271615877,-22.534928149345873
cavallo,2.3630195527198095,7.0605318080751225,7.179101321754879,8.176892065859091,16.43852061380241,11.715081043280476,-15.870189100762255
cavallo,2.520861141650095,5.438449264444495,8.114298715191621,9.376128944005977,-18.130492979830983,-12.101902897702976,18.81356352805908
cavallo,2.652996783264829,5.479108982044954,8.963733999988202,8.903433648620968,17.843821922544368,11.65725524733328,-18.592391469950524
cavallo,2.967452625199521,7.405038466478975,10.531404390207157,10.614161102186184,-21.23102970531271,-14.50672535246229,21.554841479488147
cavallo,2.9939637478869967,7.095143159004575,9.836746877820232,11.036819958210831,22.34259131360406,-14.587716996334072,21.47761000168788
cavallo,2.4059016617472673,6.156975942634034,7.662080972317633,8.64892771040812,16.965519222553276,11.892003160877811,16.944865791836644
cavallo,2.9005586314318617,6.5038175439395145,9.861250689001949,9.93051383796158,20.10729932838081,13.655101812317865,19.89601144306433
cavallo,2.871432545751008,6.388570605283404,9.207196584104684,10.234286118910878,20.917584985378014,-13.587137584010136,19.95762303751567
cavallo,3.0242921023224825,6.666701920245577,9.72230502442129,10.665567700614575,21.158033104280943,14.046397740645132,-20.92281352453924
cavallo,2.926334776702829,6.503901907521721,9.673527318681208,10.106276037754943,19.997231408298255,-13.850195142450826,-21.153724589024083
cavallo,3.1176901310315763,8.038355712683302,10.272989156087602,11.558693536972818,-22.502174566781946,-16.01317641058091,22.935818643785268
cavallo,2.9459367433245918,6.276249072697234,10.278552189239274,10.408061143050084,20.79171368604977,13.580500087386993,21.13670607031701
cavallo,2.9157315465467253,6.362730165452215,9.351812081793424,10.031773926639719,19.734332622569298,13.271101800717762,20.38128372567416
cavallo,2.6997685383517482,5.903970331121714,9.181280411807055,10.232118832644717,-20.023385106504374,-13.787194588400794,-20.18450885255957
cavallo,1.7949976572210982,4.434392117924253,6.399793538252956,7.579242552764687,16.097811133652655,11.063095662814954,-14.568950637507085
cavallo,3.005271720415711,7.43321244053056,10.138613378805449,10.282928455257517,-20.880597087488816,-14.18202528824041,20.533728210658573
cavallo,2.956605288979909,7.254858206630499,10.029422572505023,9.654070857350137,-20.072305300063398,13.301495433835695,-19.511648774044737
cavallo,2.5157191295274353,5.564927697090274,7.995471111627441,8.644496726253726,-16.997433239582737,-11.431557502673371,-17.390180974161517
cavallo,2.860015066063473,5.884333902436826,10.127499602712277,10.75903647253747,21.24099434427912,13.955078574538371,-21.595940992625906
cavallo,2.92142136559727,6.476641039025717,9.644937950523763,9.835828520689828,19.763392042822886,14.213449656163446,-19.695367278040266
cavallo,2.757765869387801,6.076845024465914,9.917265673465103,10.1325217965993,-20.24342632099013,-13.396303310067733,20.40010395240821
cavallo,2.9360315746312478,6.43910342077722,9.498890774187673,10.487431260376065,20.524496098294016,-13.88160168248828,-20.849300451580024
cavallo,2.7539524277304395,5.772538909367715,8.715994986662803,9.083082434916044,17.98268755112017,11.980046888472621,-19.73992975738956
cavallo,3.012761533294425,6.933763811700414,10.162113636651545,10.378558305779617,20.69892942600199,-14.42186318189998,20.992171241769455
cavallo,2.888403734636229,6.605780302491187,9.37095839527116,10.061231493775688,-20.354327370227892,-13.364223254552714,-19.793118876348796
cavallo,2.929266676817806,6.815893841147719,9.413214074360294,12.053576978691883,-22.854521416004875,16.009324227893696,23.07343998132038
cavallo,2.9704098927445384,6.816696301463863,9.598596409194863,10.049822604764158,20.745781672344346,-14.073870728984778,19.87798764204931
cavallo,2.918987306485855,6.4887964854017355,9.663469532234558,10.654221005031856,21.28005963364034,-13.908105521313077,-20.83994239172511
cavallo,2.7088468373547796,5.575857442545395,9.146252932302088,9.84222145174661,19.455851787996632,12.914405704380963,-19.523314310676803
cavallo,2.866516705822916,6.221934444267078,9.681119716011786,11.440832855389901,22.336765520232145,14.620312319169672,22.054053430332445
cavallo,2.89711220976627,6.225265769738822,9.46200689710485,10.21321643586722,20.15311098398337,13.457379437517467,20.26344149212924
cavallo,2.709242778243728,5.785475864517072,9.177007722711709,9.878260874684589,-19.745130538102995,12.95807044689371,19.456990007795262
cavallo,2.9070499780072008,6.433072952522044,10.045982009290746,10.320668021776553,20.543156639747767,-14.306177955001193,-20.895216451945284
elefante,3.0358778305083134,8.515570664467623,10.398809611673846,10.303534542732194,20.98184762861012,14.63538044398453,20.709126309648422
elefante,3.031500643929025,6.704466434298589,10.240682522139794,10.41937674823848,20.988234793078206,13.945124230578669,-20.837318245033014
elefante,2.9889756544961594,6.730318255569713,9.120072542414631,9.688971662051067,19.09872257574388,13.069783422208673,19.905278590273134
elefante,2.7843366776623366,6.435935365656901,9.094268111368274,9.175484313208498,18.324925114137063,12.565058285880305,-18.904330164227712
elefante,2.9866192803266784,7.220173954485985,9.963490751166031,10.758811202556947,-21.396881782369707,14.96334769581849,-21.19110233165082
elefante,3.0274688181255143,7.804912688007922,10.438365050719707,10.653984007988948,-21.95667395643699,-14.583703095970218,-21.206926750992878
elefante,3.061601592867652,7.150639601773968,10.808526451935162,10.699830577302425,22.29166912804138,-14.414790063004936,-21.45864421195957
elefante,1.9826607894838446,4.496803203730478,6.477552092885206,6.782335296301778,13.658233397393662,9.10320692404132,-13.49672004500643
elefante,3.0400026876093476,6.555721847225576,9.936883430885569,10.654227397287846,21.054508211650127,14.144073152108204,21.158396267959322
elefante,2.927820610501379,7.691145692836179,11.02418752049862,9.84426052587579,20.28162297793416,-13.69709803939371,21.200072879778162
elefante,2.8122324324217587,7.86052431473195,10.070350778006627,10.392927373162955,21.35927195229976,-15.126233018727495,-20.632062240726494
elefante,2.991446101261622,6.257775001183838,10.199828715695247,10.51777922088841,20.887757073123282,13.667441954510922,-21.52642124598294
elefante,2.93198155644138,6.922604884141498,10.733795733227582,9.828422454238966,20.342017418298937,13.292644151462747,20.20067949644291
elefante,2.810218647495241,6.746119875658933,9.742906857679309,9.241710964761017,18.751598836775283,12.623682483354965,-19.288630623247002
elefante,2.971465940010241,6.680613835885349,9.720292200958497,10.14138064112116,21.120928985921843,13.82317211276143,20.073959155349502
elefante,2.999537397358779,7.748570593201541,9.974122874543438,10.204433106105341,-20.29568354333469,-14.496666248918624,-21.31557106010269
elefante,2.2474850429595614,4.814549258673493,7.973001133554303,8.081539547527857,16.19414995705721,10.732149890170907,-16.352884916539335
elefante,3.051803715790969,6.982405142777882,9.60951204404761,9.837418077895215,19.562699755110184,13.332667234275702,-20.600536372925312
elefante,3.0595572785258955,9.28548006457609,11.189452009148285,11.156406564927009,-22.329361846998935,-15.964512467635757,-24.29020253319124
elefante,2.865631405744301,6.85500020527493,9.451682280673197,9.282698187077441,18.702823624525028,12.713630628522617,18.98232347310224
elefante,3.060492108940344,7.152765868285308,11.572386970194732,10.621743508845197,22.331608975936668,14.206417655575889,21.73212563175263
elefante,3.079068502264567,8.5568090353897,10.8474617245406,10.560572424380712,21.562745925695104,-15.411969001811517,21.328025234916858
elefante,3.052618269125446,6.918558486612891,10.262156651218474,10.722833512764804,21.232515399743967,14.182928022336736,-21.774644892494162
elefante,2.8818104604319856,6.099062847658984,9.266617151822214,9.2890037604037,18.567305284950788,12.338852081859251,-19.889865852244977
elefante,3.0709298143069983,7.999511884581747,11.289664050045076,11.708554560731034,-23.23146741039897,15.709372866408177,-23.699512415169405
elefante,2.8756495485494584,7.018866628639038,9.982784896025684,9.791567951750187,19.70990054039104,13.356673333831935,20.115741390507175
elefante,2.986719898915916,7.168485359561721,10.264063608809124,10.355586412645382,20.665514683036122,14.000108010069935,-22.32687442437015
elefante,2.975207996755355,7.592716085219649,9.866318997748428,10.165337281285668,-20.389184375060605,14.009374555530032,-20.28626008949095
elefante,2.9541451405975865,6.191922472600649,10.145753127938697,10.69701685007935,21.17132564171451,14.027529292335135,21.450878191801376
elefante,3.101889158492912,7.9217046606926935,11.152570967143667,10.918244645409922,22.101573000838435,-15.203863154441146,22.106793260403123
elefante,2.4654692573537735,5.230312080462209,7.817261267130602,7.846088353235059,15.695233260695668,10.512465866457141,-16.23366914817062
elefante,3.1153288269648973,7.576714697623418,10.335440315096205,11.366969577175478,-22.54801359263024,15.39702475711694,-22.271831856508005
elefante,3.1023205458778262,7.262335987268573,10.135363631636741,10.832865585246125,21.317403996358195,14.50269022539928,-22.67198689170776
elefante,2.840647873660099,5.8339596893044225,11.349664618082631,10.872258419085009,23.520387307505608,13.789588794387782,-21.98340299723218
elefante,3.0078381203758635,6.458069005846201,10.502609122248268,10.317924002078538,20.728854757505182,13.549226686341347,21.98575242073768
elefante,2.9504370959955364,6.541503279698572,9.796773572060356,9.938038808618405,19.826393376400716,13.215590486499586,20.32363695200539
elefante,2.9627944437786886,8.677679317421685,9.266480965207693,10.8218182401297,20.86870028870768,15.23737153462216,-21.817433975961688
elefante,2.97928939841259,7.589933030780447,11.45521426542783,10.233917365465846,-21.17991515028121,-14.685995791434216,-21.292518301593354
elefante,2.9538627433299416,6.772574814683725,9.891428887382073,11.061964019742438,-22.17011775031121,-14.448656045576655,21.550849577326545
elefante,2.788767680700184,5.820881592603465,9.203458581607975,9.31042933117009,18.592022037538417,12.323773215509876,-19.052060802990255
elefante,3.0525453319670146,6.961609993464669,11.884827913773359,10.449134173856175,21.847652035237573,13.930551184614288,21.707759823918757
elefante,2.891930283270187,7.298284447845328,9.562834662271502,10.730310509637052,-21.040478773129916,14.669274667182268,-21.01506080753232
elefante,2.8436785389091197,6.872546343523999,9.277331639640407,9.913477753010477,-19.651330237453198,13.351031328101852,19.667775963218332
elefante,3.037178844751406,8.023010691246931,10.443847372361429,10.511184479763878,-21.1214970600716,15.277236769292697,21.15850897541968
elefante,3.0003629057686916,6.690210043198805,9.824363606534968,9.9181301760181,19.798586282965957,13.33817174646721,20.480231237044936
elefante,2.69866727266909,5.574100038472621,8.22491398412514,8.315802279822051,16.587961914298006,11.108706756415973,17.6276202632712
elefante,2.95763616444759,7.341293628727416,9.772097143858808,10.541727307847479,-20.828307066128467,-14.368532110650799,20.87221812474864
elefante,3.124365024373394,8.192557723483487,10.796965324422658,11.35973320942251,-22.663687425484284,-15.742661439183587,-22.53290780914664
elefante,3.0369738674566844,7.291455004461605,10.271542038599218,10.313568346861814,20.714822776013285,14.292266744423094,-20.808474596388457
elefante,2.9050850509105697,8.186433354694262,11.213675592753281,11.244725642495208,-22.840921996746143,15.836884496285228,-22.518215631445447
elefante,3.0631080314009935,8.115468232514806,11.294862234235682,11.873358144044916,23.59462075488285,16.02055277507649,23.622222056647452
elefante,2.931332384340847,6.745160787265221,9.401632408720895,10.361465714761522,21.034464129551186,-14.030614611515846,20.24876377127779
elefante,2.9838699515107843,6.611075330457246,9.293235403443358,9.832152101723091,19.397543030994125,13.137990848620063,-20.34911550494168
elefante,2.449357245347345,5.037143663793328,8.528845120215394,8.620556747669385,17.217659250874974,11.196684872914492,-17.699600119164288
elefante,2.9312304573887187,6.828914517026013,10.895869106579527,10.088192154217214,20.658584269320247,13.752809718737758,-20.83955237583769
elefante,3.120038363394819,7.606119176258078,10.385026302911871,11.179003603416504,21.983880402345502,14.982636888488884,22.461170661183292
elefante,2.8371221926300456,7.701796704553171,10.340906731108367,9.302826847611902,-19.12484622509415,-13.16593990132963,-20.701386711809608
elefante,2.9616365958475916,7.0890329180519345,9.677293513473128,10.21953252211424,-20.585214626952272,-13.869170389181669,20.202311541218386
elefante,2.9165515028575215,7.042441316460671,10.244336737171896,9.932762803267318,-20.02208409271453,-13.51041246081955,-21.24640198614319
elefante,3.0476119003549127,7.965338354515582,12.01333898645697,10.59037528143953,22.990341952099847,-14.674942833806655,21.8936189153372
elefante,3.054894890962743,6.9788859022652,10.141941715537833,10.552709604901207,20.914918705312704,14.04715727970415,21.489459969910456
elefante,3.0264708824879114,7.438029517186816,9.43004196687067,10.351901782001535,20.255076053849294,14.073059339257131,20.87410085851527
elefante,2.976422758497767,7.264116518394037,11.176208699371477,10.296664703737664,21.562661139319214,14.854673703335466,-21.05293098568048
elefante,2.872822943001951,7.903232735616297,10.218298585073258,10.498955330255114,-20.899781306553894,14.573316392768861,21.234066189124007
elefante,2.9829907188164615,6.940572703016457,9.620359546679364,10.005475173215409,20.467904584637466,-14.779832870300414,-19.8295836456712
elefante,2.97160861569182,6.527949895583866,9.391374759226824,10.215690711155583,-20.10157743605629,-13.622749823169103,-20.269635454420037
elefante,3.0302206023556812,7.464607658236773,11.710425985396324,10.384268436833759,21.72567222058119,14.117453753584472,-21.49646015740424
elefante,2.9449181354173772,6.81306423377319,10.307949910005073,10.29444260078,-20.805426783454198,-13.701486408924392,20.699639541996007
elefante,2.8699695295630576,7.0207734309689105,9.431043505543308,9.12628130787171,18.458069098660904,12.636706997298374,-18.7366912427838
elefante,2.9030464865030536,7.923951621623521,11.02760183776825,10.088433639383721,20.98235646416647,14.893464028263981,-20.698438337348207
elefante,3.0635769381322753,8.822864769952487,9.625557112003218,10.72390731651461,20.90042634743632,15.150804916822908,21.941869441811836
elefante,2.94763907674071,7.342996482796784,9.786269583005016,9.836050692334878,-19.649030312234075,13.661851523426924,20.68652318208775
elefante,2.7550161381760527,6.065272653460075,9.105112900520542,9.304299092822093,18.57395092357532,12.42948209073444,18.80277076621617
elefante,2.8390632776235156,5.995626383560472,8.716062586255486,9.389978953762913,18.857618257919075,12.400847760723792,-18.477823488758446
elefante,2.9499244340779733,6.4277459002595245,9.698846071243402,10.271494647772435,-21.542834427760983,13.566856369610738,-20.257247106990203
elefante,3.0649501587643555,6.779634130882606,10.793692076279072,10.508912440536074,21.177002848769774,13.912996413932433,21.72443042530427
elefante,3.0908887684800757,7.659310953211033,11.163389836008852,11.146713371479509,22.790855920289232,15.00038592704422,-22.32589036061857
elefante,2.94909701706008,6.986060799756565,10.28898835520085,9.912140825978778,20.19428775905205,13.419956526154863,20.136046636992965
elefante,3.027428281483809,7.013576217486426,10.393638584623979,10.479326661191362,-21.00624687462221,15.259729544988302,-21.149663610890414
elefante,3.040686047111418,7.725406968194884,11.702672175655824,10.428192315524168,21.57650306567889,-14.395997297103282,-21.742903599841004
elefante,2.6406310214354356,7.08887860153082,9.516034202080338,9.00525040203336,19.283111657150425,12.562883658590478,18.267907959549035
elefante,2.946394544624555,6.4953221705949575,9.321728813969806,9.926684623780009,-21.93152336783592,-14.229610795541689,-19.550895105291193
elefante,2.867271595925402,6.415299065031765,10.066154834197373,10.03461284876306,20.189437108665075,13.279974776170553,-20.294070763895128
elefante,3.036744304408237,8.388646081681374,10.783754439074476,10.429378305918036,21.07271308448566,-15.376113494161956,21.43970928713422
elefante,2.8635869062820873,6.357291987471586,9.035926013176864,9.227564925075185,18.37710972786362,12.438819214152373,18.91132455870707
elefante,3.050134612763251,7.68929454200475,11.11380092951687,10.608694353738207,-21.548706809886827,14.491258322200965,-21.72834631321536
elefante,3.1153236603298673,8.048849348641365,10.849540801877312,11.46494303816887,22.638165558663083,16.073253124884673,-23.19670655323482
elefante,2.987923244029528,7.604291417375289,10.587796847510917,10.11812794324206,20.74779723655083,13.954145423510248,-20.542313003121016
elefante,2.9347590847975016,6.313549670949298,9.148875810223645,9.403549196577375,18.68003888102453,12.577055183156597,-20.1268956667189
elefante,2.7945201537995503,6.015591829042317,9.058102059108986,9.730476314487909,19.12516420992983,12.738339897222561,20.493014154287827
elefante,2.719705755408268,6.04294716639315,9.31359811437924,9.392982741748773,20.084665504070234,12.704249072599094,18.746730707742042
elefante,2.9702455264419387,7.647250267466608,10.200053565564378,10.167280488560637,-20.441211769647722,-14.360909211795335,20.585137761048475
elefante,2.5573208235530682,5.338937528483193,9.085329964247348,8.981505005925023,18.29031919039915,-12.435865188585485,18.086655884303998
elefante,3.113468598184754,6.872214757656532,10.53283721451501,11.772469963807874,-23.12556982978152,-15.236955220663054,23.035069207287528
elefante,2.6930298168774627,6.858344810389888,9.8459947922842,9.033269659794588,-18.517386617509146,-12.46294382663727,-18.839036340720103
elefante,2.9420531749807286,6.696985804222821,9.353560841184606,9.698398070431116,19.37022629512079,13.051802793398199,19.37966123071091
elefante,2.6947213077743073,6.3137620764157365,9.506448996658442,9.506516389430464,-19.013487715873023,-12.824393573391655,-20.337128935249588
elefante,2.8763034607869096,6.385406268407171,9.185048558085002,9.511303361260643,18.85950249659363,12.704547751331502,-20.84535197974834
elefante,2.9949707351191814,6.625378318095647,10.588348619321383,10.589647299182475,-21.815180737623617,-14.017717927358202,-21.190544752108963
elefante,3.003286526260892,6.832227478398689,10.739249278209574,11.02469685106229,21.90670201909096,14.442144456181317,23.82176367726155
elefante,2.588734402486431,5.553476594889016,8.090821489618742,8.516844513821729,16.82988616860689,11.434932108283894,-17.51154467303172
elefante,3.0715143647328693,7.158107510255385,10.219528780731453,11.361972388911946,22.403221895483313,-14.968589318352228,-22.23503687863158
elefante,2.8923626717598108,6.163780832216498,9.036651664701074,9.084906399597083,18.146472222284924,12.168734433436985,-19.366526301452044
elefante,2.936933035949415,6.430775139501647,9.651516571875725,9.992966745615938,19.81622875064206,13.209090180670225,-20.979721736305056
elefante,2.23857895955351,4.5929130305782415,7.062215194469306,7.010248365439708,14.047185065868844,9.3094664998696,-15.291139605617927
elefante,3.157040351072217,7.247820465115152,10.978789387391915,12.285295638183367,-24.415211665967984,-16.985122202057532,-23.940453957403584
elefante,2.8746968612493147,7.1011589686911964,9.574474425900606,9.308597883262705,18.78433538738154,12.863841063225548,19.16836584458731
elefante,3.0526968940326973,6.922325418567696,9.50830025205889,10.347600887124432,20.29338207775829,13.811020776543723,20.827199686941746
elefante,3.0780190423653004,7.7118615765789205,9.609806158597781,10.845218795533816,-21.381072325511525,-14.751068207644657,-21.13281731710001
elefante,2.9984598614060194,6.270210774019088,10.08759924219979,11.099796219114568,-21.968971013853466,-14.384279991293225,-21.765195888503847
elefante,3.0174844792291555,7.267711527573854,10.529519687769803,10.622902329697608,-21.205134856039994,-14.268777623032785,21.98064128843673
elefante,2.839091978219938,7.7661065491958405,9.740509515740685,9.755551172139082,-19.574423522945004,-13.693518399592353,19.78127212453122
elefante,2.8599928456672963,6.277271792076101,9.266353072469778,9.261090116672275,18.543547038397378,12.40013905166687,19.06615854323751
elefante,2.920843338423711,6.261032418187752,9.626004801887463,9.587731718301718,19.208093495707924,12.718568697285246,-19.80462637363883
elefante,2.834813125473593,6.5650545407810075,10.115733052436513,10.466999648147704,20.803884947972257,14.178234111434895,21.120009084381053
elefante,2.394019593418058,7.789345346423097,11.15015174493951,7.937716667440405,17.932675740355116,-11.956637307213997,17.510721252749622
elefante,3.1319755305326553,8.27276942187012,10.970584889790757,11.227348304521822,22.330974682953432,-15.509687367743341,23.162834525552206
elefante,2.9447499583650614,7.809301558712191,11.070305506081834,10.077802949719914,21.045785122703023,-14.280531409667766,-20.690490213436398
elefante,2.6246276818990815,6.751415460391323,8.17067344865053,8.493816081543319,16.868297904432588,-12.159778681683164,17.20236750055659
elefante,2.9936520513194727,6.529043941836481,10.645412584969808,10.596802399361577,21.258407660173045,-13.866887189093006,-21.602505771819597
elefante,3.088568808889959,7.845357181046806,11.32886969243871,10.579613773953833,-22.213577705926276,14.864875272868527,-21.543560122138782
elefante,2.9307758381764955,6.78816406147005,9.327273468437571,9.134678702766305,18.38208844576173,12.541997506951992,18.934329842372374
elefante,2.487625106177025,5.643618752706115,8.076362711597419,8.440011519854533,-16.811180128973337,-12.354187606059126,-16.894119046580915
elefante,2.464817886973009,5.092734078499819,8.671261243559755,8.801044351719302,17.640454241326495,11.554965160573746,-17.748200897418464
elefante,2.981683052035265,7.23360262825195,9.222568783842638,9.71829395483706,19.22990940824158,13.382814112831152,19.570004458889112
elefante,2.6592873374470116,5.896497868619849,8.931693236116717,9.132250660537261,-18.251444316686054,12.899539412943346,-18.404440517979335
elefante,2.8254677332682543,6.800499242959897,9.371548830873001,9.797048102553926,-20.60778604331579,13.496182357982542,19.382113298222773
elefante,2.831946846564094,5.876937096017567,9.340540936891054,9.386401135006734,18.750782172941665,12.32510469594182,19.939183000173376
elefante,3.0249680489116995,6.788560116337764,10.182497654805525,10.979423983709333,21.56715215642038,-15.423198022220905,-22.31692736032612
elefante,2.990653901735528,7.609246196698628,10.701367469368979,10.153819303334627,20.583936699139635,-14.669806780555586,21.550005125460032
elefante,2.9155049235705364,6.230782101816187,9.389886892339652,9.806114373826606,19.434185013713993,13.039204855241914,19.84828693174513
elefante,2.750943409114094,5.947170858047713,8.546447601802418,8.62291995772999,17.21456366933487,11.605869946469854,17.958149073209235
elefante,2.946153585838148,6.710938846887596,10.27531906307307,9.789484346790934,19.839142737813557,13.14706481248177,20.380355714391904
elefante,2.8889746871061894,6.358431515160184,10.043938995679051,9.462412433900804,19.234969073882755,12.643231275170693,19.74989644636705
elefante,3.095260312307638,7.46254302618002,10.145421032317136,11.355865007473481,-22.112091198259858,15.215657991329131,-22.904230078147204
elefante,3.0765446031451127,8.16246812141792,9.603000339670107,10.355961844320442,20.33959860734582,14.808237389699928,-21.196574029953272
elefante,3.1143509925034523,7.732130314605697,11.777799098694866,12.562521504685709,-24.76178273566662,-16.484674499609316,25.183469402916977
elefante,2.922294066296505,6.322377179734751,8.9659536801654,9.438284490834477,18.640407637390144,12.602927108775939,21.00446318816313
elefante,3.0612487402833146,7.191292894904191,11.274024938993215,10.332862278593524,21.39468007157584,13.939640250289571,21.215083880265908
elefante,2.903854154389438,6.1867776686436375,8.955311697404806,9.358586976202211,18.515555182022865,12.455545244794187,-20.54604824918479
elefante,2.9258828997239825,6.315253761073168,10.319989366584824,10.750317117937962,-21.33097553354566,13.92972524279013,21.647172523292184
elefante,3.063066015198589,6.72397427192656,10.491240132882856,10.71503088852372,21.85473554564015,14.299309384880454,-21.337337454344645
elefante,2.8937811412830188,8.305229016454511,10.574493230385668,9.842645176449068,20.711366877262112,14.660964418061655,20.061856997765663
elefante,2.715175155397987,5.5426906214746365,9.001373964175823,9.478473684430112,18.767216262417005,12.528843963240037,19.066433584910563
elefante,3.120098208801232,9.214059377677273,10.433251344909932,11.05866964840709,-21.830347161759136,15.829964543537603,-22.280628596923847
elefante,3.02821857054057,7.303632582179525,10.019594127931015,10.09057077080905,20.148903092194114,13.818887584488209,-21.059720153792515
elefante,3.0805950974030107,6.782996269617716,10.59380248676288,11.411932017881856,23.13752660600148,14.992577075516554,-22.42272799802357
elefante,2.9762370878279847,7.467730964426722,9.537851036227291,10.548749477183723,-20.978036177111576,-14.32166351702072,-20.632263501948234
elefante,2.9826575515567333,6.939924779985745,9.70321924669271,10.088653193730973,-20.38000556587669,-14.155423412971325,20.02293384922503
elefante,3.017275435607549,7.349628458073209,10.132230187642564,10.14068262905509,20.27723693691649,14.336912160875505,21.950174692159006
elefante,2.7906441492829552,6.129597532615098,9.226176719019419,9.138471739585894,18.35862128620387,12.241748027652154,18.71892002855562
elefante,2.99596178439691,8.197124799274063,11.183342331416634,11.586039950364034,-23.160085465267024,-15.772630184886491,-23.088310796533165
elefante,3.0951709952116246,7.512279337707181,10.716657289533606,10.761598475280858,21.694684647901394,14.52036705620535,-21.615057308570904
elefante,2.84657749811879,6.363745492034953,9.865315992642458,9.452786952881898,19.164000846355684,13.017954744564436,-19.44709608036045
elefante,3.0075595667806883,7.57612649869236,11.073987097857595,10.245368445693218,-21.61822426079419,14.036159738119862,20.913338305583046
elefante,2.9034234601787654,6.443067992164038,8.68712623317737,9.069075818948575,17.94721690506733,12.2911400232596,-19.814218255580236
elefante,2.996895016485978,7.117561406762881,9.83505600785072,10.658154105665991,20.914299752560773,-14.226511742586018,-21.588101520831884
elefante,3.0597400292982777,8.476303078237558,11.16854932393847,11.347690863692353,22.704918923279052,16.221739081892665,-22.82380627056683
elefante,3.068182206905212,7.17995710804166,10.2415317989651,10.571534287395032,21.163102763403153,14.164601219806617,21.098804373665704
elefante,2.7149151670377285,6.3679709130677535,8.962397374752513,8.924314895699357,17.957691517851117,12.171336869303145,18.102335021619723
elefante,2.6957743399604213,6.058261018269427,9.526033790698424,9.444500891497938,19.34835547611291,-13.953051882187056,18.96390900823919
elefante,2.7325600770062373,6.100795926353381,8.358176280218565,8.372251451141336,16.746176697586264,11.473740530141944,17.440140105291963
elefante,3.0326271868393913,7.5585594880693705,11.002913607219517,10.313848604946777,-21.06977216108258,-14.545743258423093,21.192958654579787
elefante,2.966961190192363,8.132984225749244,9.010447544199758,9.963052924374498,19.450738926009915,14.078927537973518,-20.63306408545916
elefante,2.8212795710870386,7.062526381053475,10.161831763659148,9.08953561788163,19.050546998496515,-12.791358522040406,-18.767362716992558
elefante,2.985144935111534,7.281386389783853,9.622550621944079,9.998991944214682,-21.58699609720825,-14.385288915732593,19.809823810039845
elefante,3.070327971693006,7.2346773074077815,10.403226923937451,10.812861921041545,-21.835775238296804,15.37023127643049,21.45568658739005
elefante,3.0701613356004818,7.905234925378608,10.658906537230479,11.577893131286631,22.931388177716673,-15.531333215137625,-22.786092219217316
elefante,2.86770168293459,6.2503860003692155,9.923968907024243,9.924857074269145,20.226069659097515,13.688623879734335,19.891401427144668
elefante,2.886247007586477,6.224524504716797,8.954699650476181,9.115414693402561,18.1539612061037,12.227692002828592,19.049219665335094
elefante,2.9477550246338184,6.576123243200052,9.595344198369745,10.572762825120058,-21.05481127197645,-13.875319450923215,20.69466623292128
elefante,2.793190277796155,6.8301356933715125,9.726221600153147,9.222899587362178,-19.033210813020737,13.524413914188242,-18.74948893926998
elefante,3.044013954309132,6.923757139967618,10.107882290369274,10.580625556356917,20.925730426891516,14.093989020839993,22.12873057359045
elefante,3.0191589529909657,7.503232479535192,10.787614738163203,10.400645736225496,21.080699290830232,14.571417952420916,-21.237644483471026
elefante,3.071970752854848,7.202348655210205,9.713026898527067,10.947370952799133,21.306497847546364,14.550514966327887,21.729591491541708
elefante,2.914649447250569,7.11987196358743,9.38635532408577,9.448690349105958,18.89494604366558,13.008627405650849,-19.319608969111382
elefante,2.278149554598897,4.8078211869638015,7.8834728892839765,8.337287182561488,16.456887822507912,10.775666439294378,-17.13825867894944
elefante,2.814352083091135,6.289641142633229,9.473743034810072,10.520985710882265,20.532299367009067,-13.681533734924004,21.121388597783596
elefante,2.7760689430998817,5.692121192477298,9.753623582047997,9.932651597033782,19.77579236565851,12.785074039220545,22.19301516642814
elefante,3.0390287269566785,6.964046384425307,10.404163607368373,10.440187667068459,20.88527174474335,14.090644715108237,-21.36209622628517
elefante,3.04245654227158,7.3634669595403945,9.542716703399183,10.820312412467949,21.027737246207696,14.507946312343973,-21.47629443990328
elefante,2.963799365041522,9.388043121494876,11.875629439557873,10.946008403544932,22.729405176504866,16.02550056092879,-22.399873412704444
elefante,2.9777150084549597,6.790317157718034,10.776334257162873,10.416790341834377,21.50103734843895,13.877276601670783,-21.037643882743097
elefante,2.722365586766068,5.622466335338548,9.383935788273465,9.600861350165445,19.102694860517914,12.435316621285638,19.778967869488476
elefante,3.0043599916608423,7.775878171712324,10.989758889532542,10.334761523195725,-21.158373117330274,14.237770371805063,-21.137215502470525
elefante,2.7461231727437636,6.287768295599849,8.728821655200809,8.654863772690959,17.351265437448085,11.833162658220866,18.187926678581086
elefante,3.004567316401678,7.739862168015546,10.2427384806213,10.43306204238825,-21.566851603405176,-15.501354017204637,20.776593422085764
elefante,3.0496485764290306,7.154313910482102,9.617058566743117,10.0459393270864,19.909887289764903,13.628972033143366,20.306237172706155
elefante,3.0046530601400967,7.521018605003863,9.326206521779898,11.481532820993706,22.123453658740157,-15.497019245700445,-21.97370329435513
elefante,2.8401464848155897,6.68636420022532,8.959714631901312,8.517723850611768,17.29655278613252,11.882498337569107,-17.642941811221718
elefante,2.935085779822841,6.784352943492369,9.188866437888123,9.61252038084777,19.053684370087986,13.104661058119504,19.39794233779454
elefante,2.927038507199619,6.935134720235852,9.409734086012282,10.010313778791616,-19.88922444241777,-13.483150087384692,-19.85391479532393
elefante,2.936183164620068,6.6491574388749415,9.788040005251942,10.036630021237274,20.9001820200925,13.370371911090885,19.951700637465144
elefante,3.0718688721750564,7.5353737983864875,11.658872278958908,10.96473785983829,22.87484534754332,14.821557821051993,22.290810112300846
elefante,2.9639398693218095,6.7713593372339815,9.699977388108813,10.128528333202917,20.071799842706657,13.574541797269113,20.49416752561284
elefante,3.0460416395213303,7.513183129581141,10.987663370896517,10.978262122213145,-22.00110758474763,-14.740947102085535,-22.348845862558772
elefante,2.8313813103625516,6.424093515109802,9.622195825062414,9.551268500800811,19.161494921149256,12.77769718151706,-19.632538184000232
elefante,2.9550113859718365,6.71853133829404,9.18345824139555,9.861373941447985,19.453653919794203,13.6362954100661,-19.664036999220308
elefante,2.961806260305349,8.138172528932373,10.79164742095875,10.636162199487723,-21.459134640710836,15.369801585609522,21.551852238083928
elefante,2.965667274429866,6.994793662066029,9.989349797508906,9.893184674861946,19.904592508246516,13.614066144091975,20.113971454120605
gatto,3.1576378379521692,7.613837337400595,11.163885222274427,12.42814636796581,-24.664688131280258,16.35264624907522,-24.25477785610131
gatto,3.021513931946883,7.370678165110759,9.693542313160123,10.410596295326775,20.702518860770404,14.113883280202304,20.55006778605651
gatto,2.9052397828641547,7.888132189997754,10.44239656265461,10.233439248518842,20.58005225203255,14.644473027226027,21.27443011026382
gatto,2.9814923918043683,6.898002281563405,10.840267846110335,10.237164216908274,21.116471793676123,-13.801429543605607,20.82661671990561
gatto,3.028426112054802,7.045367060454515,10.503170933818268,11.17543066895728,-22.19756151624587,15.462524139896162,-22.137123316734854
gatto,2.9623543333074585,7.1553282054893295,9.753054705864647,10.299181460637074,21.30460774866663,14.116332790763266,20.327701347410493
gatto,3.0194740966305575,6.5014183352414,9.866889701290551,10.455458428218527,20.635255249847084,13.722817542835857,21.15923249779323
gatto,3.0638654440430964,7.753317153060305,11.000347717724397,10.990650245271526,21.99544353752559,15.010613166404607,22.675048251280906
gatto,2.856074999236509,6.313249640563621,9.29774585650275,9.439802298983034,18.823465427005928,12.654932392881568,19.397922025883094
gatto,2.9763509471355953,6.820505841073235,9.795394672548356,10.090566261599546,20.036548788201003,13.886858171502524,20.96471353336866
gatto,3.027156809902838,7.290448459197874,11.03586619468898,11.338886551380817,-23.222542451976704,14.992275364526712,-22.535240119810872
gatto,2.8889529251522466,6.084982277051248,10.434427211587021,11.071010828543896,21.881133185340698,14.114260625512607,-22.140708177866678
gatto,2.961473577350465,8.221466743911133,10.796194638354331,10.426193227607808,21.05422216494137,-15.496669592830203,-21.601020816249413
gatto,3.1018536818511975,7.310782037660287,10.608255812230503,11.287274549309858,22.703856108822492,15.463990021582585,-22.261676783847864
gatto,2.8123591687922045,6.307112436929256,9.762696383956637,10.029174781307177,-19.970252409912252,-13.53127368581083,-20.288377047696766
gatto,2.783150781002877,6.621560215743153,9.031753518915586,9.13013362788252,18.21355354508539,12.440932435256522,-19.183785884301265
gatto,3.1222795979734945,7.494125521619004,10.219997020971674,11.424247065348139,-23.082005745127066,-15.19137930226411,22.251048084327607
gatto,3.030012319924963,7.033600311837754,9.4573047932349,12.658917166785937,24.11546383702864,-16.626586012254972,23.75479386182608
gatto,3.154476573962441,8.60721966445726,11.003216399773372,12.697352135624573,24.572203298963196,17.010777004230555,25.032987849326524
gatto,2.9474290373189427,6.584696326447574,9.440355483772683,9.877627213055447,19.612315718011285,14.777932731538899,19.802206129905272
gatto,3.0331290607597516,8.265820881736966,9.336312541187059,10.485444135032859,20.396739488935218,14.74688394806543,21.754831795679717
gatto,2.5982383626774035,5.846626227644175,9.354852996144759,9.437334191657728,-18.8666843649254,-12.899104841867244,-19.257282264165642
gatto,2.984233096441897,7.785209917539981,10.11198995765621,10.737710360378026,-21.18330808569552,-14.856110390940877,-21.682745279553124
gatto,3.1272448026703312,7.128759390059392,10.71420132950737,11.857783780141249,23.485892745631325,15.805594667971894,23.194113129814284
gatto,3.0963173764551777,7.811073279695711,11.535356579132143,11.841811792383755,-24.613403745783025,-15.760080157097626,23.531882522527578
gatto,2.7882236945365637,5.911546616132731,9.221273259909912,9.430598818039948,18.798087407850375,12.39911354208005,-19.136058240129238
gatto,2.8386669672355818,6.6883649328048795,9.362577841261803,9.475648831432965,-18.89476341476413,-12.81989979036967,-21.515208951306956
gatto,2.841318367282811,6.873713149058064,9.029887837061166,9.69722746216466,-21.63531581220602,-13.78159059406765,-19.060786652388746
gatto,2.542273287360282,5.834564427519761,8.484527967668349,8.079043907242632,16.362681260121906,10.996337216633252,17.396380113789842
gatto,3.065212995633688,7.0733040314480125,10.467381179547381,10.713804788436775,22.943994769663814,14.25728428508411,-21.30451197374584
gatto,2.50378726235852,5.151243558621879,8.06235336453622,8.316040176942966,16.505393753130544,10.909070418772007,-18.07601192970396
gatto,2.9903263035921865,7.119342245246957,10.78440811196659,11.850871892212899,24.163822290247914,-15.90233414716241,23.17074211634829
gatto,2.9507554521867307,6.199152968049618,9.576718072117298,10.106768552855685,19.9486831948507,13.206420578910468,21.500058547483576
gatto,2.4789904470351765,5.639654268237128,7.932451582455451,7.976149061131418,15.993572765081051,11.076239848555241,16.229529073352147
gatto,2.9495775655692036,6.278930094633695,10.010501378762719,12.954943552452086,24.6685931497413,16.162923075753955,24.529628903367943
gatto,3.0031755630829577,6.931891186863133,9.768151091062178,10.172101118788113,20.142996164813987,-13.913141117828829,-21.36804218308241
gatto,3.0859431260685737,8.03271611676097,9.999001975883813,10.822128848817977,-21.31478912211079,-14.926016644244964,21.48366919517584
gatto,3.1494968776409493,8.411757783652037,11.23035743726713,13.008490159868135,-25.343547084794775,-17.467957863361065,25.228387079950018
gatto,3.062539097521816,6.706018658967792,9.926937170016474,10.848483943319627,21.462171385696585,-14.950009806661031,-21.330816464695037
gatto,3.10353295460301,7.922864136197398,11.542310119843856,10.736999234529945,-22.099688212861075,15.396238872449167,21.97289987836224
gatto,2.8876287787084447,6.8989669591884,10.101876889278218,9.446693579608297,-21.1342741969835,-12.930186298217354,19.221011188011516
gatto,2.9716949954377605,6.510891103543342,9.951785625448567,10.560453008391416,20.81666583439969,13.817987797589655,22.499568649877425
gatto,3.0387648512422,6.531723978385564,9.934628307626559,10.50301855209743,20.734883436904944,13.784876690514881,21.339044205578535
gatto,2.6334475962814405,5.4344809861165455,9.918609146755243,10.652559567008526,20.955653575640692,13.907706356911094,21.493578321779907
gatto,3.0977263368310783,7.3294169261864806,10.406801677637638,11.52975101672054,22.819861832831972,16.27725601752224,-22.55398242673981
gatto,3.0248680343505314,8.043518477640882,9.674125386164855,10.772334835361765,21.012174633484324,14.928806846142642,21.562013277294625
gatto,3.101660178124777,7.2915012848431795,12.405597276003624,11.694988536115668,-24.222851191940524,-15.472206011047064,23.770801359913673
gatto,3.0123735468973054,7.04416336973788,10.17402366106729,10.164857819900163,-21.31937625429524,-13.730756932506576,-20.336637049208417
gatto,3.04324465409038,7.18049696753291,10.010394417522066,11.707456318287338,-22.949741579838978,17.38171295060578,22.607133708183802
gatto,2.9456935407327203,6.681080006956186,9.221299374711766,9.223746488262272,18.44695861343523,12.591140770526163,-19.6958204378665
gatto,3.139546091314113,7.073101605413703,11.044329499554584,11.78765957054651,23.229717795905557,15.423427319675538,-23.676914037966622
gatto,3.0108674325985505,6.866913947912334,10.699844242617932,10.774673311190487,-21.51805493580477,14.761494913104988,-22.28988668895837
gatto,2.9645935524115012,6.732990190229454,9.812415310565413,10.357967638423252,21.11902671520988,-14.082050591064021,20.453041550114285
gatto,2.815547670515556,5.998547380551437,9.819425168757247,10.383327608915593,-20.667652718629515,-13.409867163384183,20.60700605537019
gatto,2.7559299021657107,6.9430861512663515,9.194703928301172,8.792879316722804,17.790117798714633,12.414656493192318,18.688057457743895
gatto,3.018554268170343,7.139165107089679,9.937520661786596,10.291244672991827,20.427176362943452,13.94943927701293,-20.91797612494383
gatto,3.062479056123169,7.607312246759542,10.186483587417818,12.431206284607269,-23.963352648133746,16.293663470908875,23.83614783285445
gatto,3.0430606587587636,7.653965350535405,10.879274737681927,10.947891570734225,21.906564587186004,15.18685682651549,22.22496736260514
gatto,3.118496189107094,7.677277670749003,11.005931454916238,12.013582910424992,23.524150856685672,-15.883272743415445,-24.73763420422163
gatto,2.9801606217324283,6.805850242604678,9.901542848301409,11.218074108748217,-21.81382631627124,-14.63762885395337,-22.186172175808935
gatto,2.992239148168911,7.329616173074136,9.420219807789849,10.895190404487062,-21.059329317065718,14.710367550470446,21.820247614004487
gatto,2.9239059938116587,6.9091657641117195,9.56817114720477,10.33042245736108,-20.412822036962915,-13.961720524367035,-20.44916537761457
gatto,2.9046906950579845,8.525421827405621,11.550081343863617,11.203473915862272,22.627061814935185,-15.534647563676064,-22.936442865153165
gatto,2.8565374696277814,6.3572134360823656,8.999350920563964,10.16540364882782,-20.50001153989451,13.556130681917043,-19.75468619395813
gatto,3.142675777021091,7.672305302508536,11.086521255431952,12.254743500429376,24.286856944864688,16.329816096995433,-23.97093202822172
gatto,3.107926110987283,7.6894733407870905,10.487915017363425,11.509983696344785,22.62901165945762,-15.356012581811253,-22.694856941398
gatto,3.148542760274356,7.716313105065267,10.504788709927938,12.335498704019741,-23.919093744698017,-16.335502481563424,-23.89394794243211
gatto,3.153587636525192,7.593526856345542,10.305284609138612,12.395764261477506,-23.835048775916892,-16.96327393021125,23.983426432145997
gatto,3.0727032795007427,7.321341407290385,10.355376147308236,11.461348854693878,-22.7923058018102,-15.188623124804387,22.403177164941216
gatto,3.1426665762626684,7.4555495272733285,10.019333089993848,12.0330706623925,23.440014777270587,16.026197962316,-23.10056883500563
gatto,3.09225430263727,8.72165062925305,10.087165906809062,10.7533842319945,21.17852915957091,-15.160826778648211,22.00070864780425
gatto,2.9497953459306454,6.414563898838427,10.170353900713705,10.25295141527,20.507645322385777,13.997594808776972,20.837204066643856
gatto,2.9530061256333973,6.720618618743125,9.565988273784862,10.348804794843486,-20.390930072636834,-13.711108294841408,-20.55155170502708
gatto,3.095136507763233,8.130459874237964,10.520279777787385,12.273389718777935,-23.677980796746457,-16.356076612543507,24.397633341242614
gatto,3.0233278544056934,6.322715728526527,11.130393016963485,11.580237098150821,22.93921802255556,14.746759354146228,-23.8236688180567
gatto,3.092650387372756,7.732101067068786,11.566575711993227,13.000624423012422,25.51067592829748,17.575132121261735,-25.37856968581594
gatto,3.1614906772558693,7.646825905311812,11.611098773649466,13.12475316421261,25.857031294122496,-16.97236208635781,25.53754897378444
gatto,2.979798703257514,8.323698105571323,13.030374066616549,11.718892861141132,24.10531937645015,15.900340457106049,-24.73194796706641
gatto,2.6747934404896774,6.1538318752210195,9.764696217262955,9.013253879895377,-18.92722457421234,13.113975828064895,18.422499985621215
gatto,2.1859059940232592,6.107826585405269,7.569960334459496,6.844772929429324,14.326015075176844,-10.254785830650608,-14.1244713330612
gatto,2.574342812232996,5.993715854796275,9.752290244280237,9.709707063215125,-20.226185562541815,12.815752084160994,19.446617148227105
gatto,2.1842895388921475,5.775755686402307,7.02361116451719,7.557072765259466,-14.933552055129555,-10.554591579936732,15.08984302661045
gatto,2.938577279907448,8.084441201630145,12.302618707095819,10.645884796574174,-22.125268501512863,-14.762325217218116,22.935933009879236
gatto,2.177422289968266,4.652386237003826,6.532333602590789,6.2700878273727465,12.682755336699412,8.638499932504285,-13.315847353162223
gatto,2.842237966329093,6.332802375386895,9.407450446656553,9.651061399949533,19.445882743209925,13.15988264632733,-19.256023718161746
gatto,3.0081009976888553,6.624997068497532,10.23935629839044,11.669033542996315,-23.425707852541088,-14.983910752709578,-22.628689097407072
gatto,3.0825288987486537,7.4482656362687605,10.332219759946462,12.114555592643804,23.710767236699162,15.838739292919433,23.380935295940922
gatto,3.0566146703339707,6.82157818799967,10.853083484793038,10.944882824143253,21.889186955763325,14.512975178415148,22.206359989916805
gatto,2.8209107203083272,6.050461834610331,9.232939216587198,10.28107669716712,-20.597223028777037,-13.30633867080426,20.05528612099472
gatto,2.916783005179242,6.764347436971238,9.86346844268659,10.329861635298004,21.34578136069754,13.930338772893235,-20.42969926209234
gatto,2.9843923462903152,7.264114238364091,9.913244692079715,10.506809627832874,20.71685773932598,14.218300316481649,22.724614110994747
gatto,2.9384711427761485,6.084108397570844,9.843371242133534,10.362152009811808,20.481911152629458,13.447318340461083,21.026541374928925
gatto,2.5313899123031294,5.434537109451423,8.820572798267852,9.22808100866043,-18.294733340391655,-12.229033270935943,-18.62830346662995
gatto,2.916648697489058,6.377226648787626,10.034109171367243,10.089686410018766,-20.178497164907917,-13.537536738315296,20.618298109258212
gatto,2.583120746532885,5.2144744449958225,9.10353200667227,9.138199034516889,18.259156091343705,11.74739878774036,-19.946690961392424
gatto,2.9392130069913187,6.87867854513447,9.929913171696482,10.288907038161769,-20.398816821222702,-13.793673419540129,21.717598870998632
gatto,3.0031121142146753,6.3812030609042845,10.092282006689961,10.627389284929656,20.988363070206006,13.824283909503153,22.128073081765685
gatto,2.7657893030852185,7.896736807214813,11.252642690897419,10.172397197922965,21.079336454566555,-14.15080095471186,-20.998929171782535
gatto,3.02736138656453,7.200330238310543,10.668876718357247,10.208409542188408,-21.172335327533343,13.822854420646223,-20.667295666492606
gatto,3.0157509982765967,6.311760603811857,11.931200427298474,13.010796797927778,25.686347995436083,17.932353536645337,-25.589045902122123
gatto,3.068426619389315,6.618113213772406,11.090763285930986,12.605669919977716,-24.659768142543825,-16.552385116730015,24.56031958973702
gatto,2.901960408477189,7.405434520657019,9.00804891064638,10.30000966300374,-20.74730415748646,15.891971188211704,19.959739436213077
gatto,3.155204893139422,7.494066098273247,10.349288529052039,12.702420087873485,-24.231618227973645,-16.473541703871994,-25.13614548148367
gatto,2.878615027184463,7.243965159850586,9.49230414532396,9.964864032760344,19.72928012996627,13.799304613444829,-20.102359401491796
gatto,3.0917325530619095,7.974013828161082,11.045486967176465,12.084922497850256,23.973215176192607,-16.58046804188903,-23.705714917074015
gatto,2.8533671557806053,6.594625857388131,10.178309353694432,11.957942226010307,23.032617134728767,15.59342569995418,-23.78961827016844
gatto,3.0893682464140366,7.320113236936015,9.893713785692945,10.998702216936525,21.47932759164767,14.763353683097943,21.86187994277079
gatto,3.128504923182919,7.996094571086298,10.51943577649154,13.328673019923645,25.26210963922156,17.46118964550426,25.939408408503994
gatto,3.1518357258998217,8.2076406045691,10.395587003601628,12.476678786942449,-24.62131680615492,-16.66541795594765,-23.921287278466018
gatto,3.1189362771960165,7.71810850446976,11.906729932800669,12.352100766545991,25.269520198891755,-16.252656944779748,-24.48735674605125
gatto,2.785338826775173,6.072428933019899,9.680598172739085,10.672590049884219,20.940892066478344,13.741277497688772,-21.080600481835667
gatto,3.1438303995610304,7.563959762647815,10.335655156268905,11.714424340298809,22.775564957784773,15.53886347438425,-23.14688263047433
gatto,2.9406163908691787,6.844017692477135,9.037268414065563,9.781819040509728,19.24383879341893,13.216449109781882,19.525469335480786
gatto,3.0738079613425944,6.589951867526674,10.26199224482808,10.991325118373968,21.619450767446054,14.286644440311164,22.703883497997385
gatto,2.9511804932261123,7.20226618952308,9.705468513139744,9.825548330327416,19.639859046212774,13.624073381426147,-19.939158131254874
gatto,2.9103985250820976,8.526258098547341,11.9438682942074,10.835504151635448,23.27304071388238,-15.41862948633261,22.22693941369635
gatto,3.0724121602360492,6.898318082960158,10.789049568052814,10.678362524265614,21.47675761456968,14.207366584378564,21.706572506666557
gatto,2.9242245290226707,7.31704142830089,10.417676839307683,10.34193868728612,-20.87559001575178,-14.388791394394607,-20.868983133441443
gatto,2.4774972186191992,5.798927315181648,8.264259288141437,9.244730500046616,18.03300103472612,12.489073994504372,-18.419969721165593
gatto,3.048569326147654,7.22507969419625,10.103994509219197,10.674862744171735,-21.226504124165427,-14.304190905943322,-21.20370669041488
gatto,3.0528630320618784,7.825305745773544,10.390927181188324,11.485896778142989,-22.699789085036087,15.40741647119419,22.49600940185337
gatto,3.150820692967922,7.90364887065666,10.99258150575805,12.221022829108199,-23.84249002449715,16.17369087994576,24.42034648725445
gatto,2.659451004119341,6.493954357261946,9.76654929436203,9.441225956959995,19.04811627826404,-13.825500041826539,19.976234700930114
gatto,2.932302333935373,7.722302867671969,10.094994494526182,9.790140267694618,19.949246250582924,14.59766060653255,-19.832662691789942
gatto,2.837628505360273,6.8227112925128885,9.106341540219889,10.06494699634946,19.699249762509016,13.482596082943294,-19.999264202787508
gatto,3.0882861887961397,7.364882715310867,11.031454811704528,12.043038719014753,23.613618293611673,-16.76833508076409,24.00367842133014
gatto,3.015204724984921,6.6689695952248575,9.35651775620936,9.797653047099834,19.377996690514053,13.170508537051932,20.288251036857588
gatto,3.01976209423103,8.671350700697145,10.828261051094126,11.108632074783175,22.30773976468924,-15.566197696671933,22.16918445168457
gatto,2.87582973651504,6.128780350559167,9.822863397010478,10.528174866848842,-20.703694934373836,-13.597108349409906,-23.38647655020057
gatto,2.9479725850553287,6.492742380921732,9.62657610355003,11.182587027437606,-21.68191943287372,-15.151593866946742,-21.812909690793308
gatto,2.8902153241311273,7.467396643100606,9.38797318363515,9.855669530048518,-20.054629898876115,13.931659920163213,-19.49327291220615
gatto,3.1140827164770495,7.442613104092083,10.31730137919658,11.255079263286651,22.143991584511635,15.015311873687379,22.25315505044915
gatto,3.095345074931287,8.72747476835679,11.52230146420368,11.517757739097078,-23.131185988499666,16.864094887678764,23.26602206527675
gatto,2.73901421514105,5.945419788435092,9.278233618242007,9.505981864455874,19.1414511090992,12.695185575617753,-18.983774022659468
gatto,2.78762690459476,6.906772930208927,9.586683905143635,10.347215194652708,-20.457254262859756,14.958503445879767,20.47236815814652
gatto,3.0950230948850477,7.675654848298245,10.098503021235175,11.249456113986438,21.925706476852316,15.239045004854106,22.914857874693496
gatto,3.020210677851799,7.026166761705377,10.409140628090698,10.682385042232415,-21.664322041839988,14.716579164935945,-21.259431271078974
gatto,2.9776645637316643,6.37961119225037,9.296109706131475,9.835789411019828,19.440063316390273,13.072409629940603,-19.7972591652445
gatto,3.063399356484538,7.950201915509502,10.399474170381897,11.246482155760818,22.358528680028765,15.227537650825687,-22.13606793503064
gatto,2.896778453768462,5.955424756077442,10.261808142528416,11.107540555812868,23.14601643584196,-14.885669065572825,21.792641066747596
gatto,2.9824936420974137,7.452302483132628,10.644220958741093,13.152917460642932,25.49212018270431,-17.15891608196657,-25.08207988099781
gatto,2.9759881971806585,6.773986228237095,10.035231065542655,11.314529608607483,-22.231064722949917,-14.817399907848714,22.075924869235745
gatto,2.9803784477802404,6.2883608980981265,9.91183114200839,10.240605653350787,20.316828242258357,13.402567328496739,-22.67402797481819
gatto,2.8979783443639047,6.225523355635777,10.78729083210862,10.30365050406072,20.986445920235212,13.433937355502541,-21.013679752317792
gatto,3.0244711524326973,7.4927937447033,9.897759707885086,10.736832184698235,22.070329539085645,14.60506106385606,-21.05615289575752
gatto,2.582731467046059,6.154733552366814,8.272509947629887,8.558741071031832,-17.45096314543382,12.074271053915531,-17.00000851702439
gatto,3.01825856907018,6.4201919431989065,10.734088015850553,11.612334062611357,22.84663419949514,15.214836225829655,-23.09076919711149
gatto,2.953070357133627,7.438865288552051,10.434470476709523,10.235276347874551,-20.93927509839941,14.524897042155892,20.61396021492135
gatto,3.1284342955089866,8.58574264085585,10.409163183056966,12.386476848266515,25.92544290767399,16.80786975480389,-23.784307934079898
gatto,3.0069070011050427,7.0824600622903215,10.521518296107251,11.184227282514952,22.04568423972452,15.04848666108339,-22.742905928983895
gatto,3.08925018283971,6.672598359296273,10.19084127931529,11.145206492858463,21.89323408571675,14.555153198241221,22.068827549824793
gatto,2.971404495652958,6.25484735351529,10.719834171762491,11.035050648796963,21.957132983078665,14.312445440023659,-22.277946196889488
gatto,3.18716666646176,8.113700617207103,11.539446852521767,13.041411373885023,-25.700918738811,17.822212027127577,25.375646278155394
gatto,3.0375112435956093,7.170949869551632,10.535032906412072,11.538562621445537,22.989316525463387,-15.967122140602836,-22.610299551587058
gatto,3.08537395822283,7.053731251130643,9.890748859306187,11.560619931391622,22.52964555000311,15.276629597509078,22.371998537966647
gatto,3.058726885513552,7.8289154634574505,10.17484080198055,10.874916322651451,21.41782903584793,14.902019040489789,-21.949078849484977
gatto,2.4197709550385094,5.151611460334017,7.299527564304295,7.467887811084974,14.854536021972411,10.053541682858633,15.787228954472148
gatto,2.9024066201518615,6.749500612484473,9.48262193871797,10.24237577110579,20.140686578586,-14.23488166096804,-20.51389772708573
gatto,3.1121088677059268,8.201546989655885,10.828026381709211,11.615049543076793,-25.97259375425676,15.785621064849456,-22.836587591713183
gatto,2.8554941124818622,6.630293443938955,9.043336755343827,9.584669055824495,-20.315472214592333,13.349861757483273,-18.898990727804296
gatto,3.000857239551128,6.452892952325461,10.626976610662624,11.561686146722867,23.50021326855832,-15.324718954412486,22.66051376177017
gatto,3.0392070427844122,6.7329239932464535,9.828443643771077,10.25897742387303,20.30463499602249,13.723856802710165,21.327350646272965
gatto,3.06117759371268,6.8966880423015775,11.516283288244708,11.823591463501314,24.715752817393035,-15.868800731696192,23.49431048172513
gatto,3.0578794331089503,6.88465708411931,11.23464038742675,11.9442034116536,23.712451913416366,15.740359351066473,23.659097456775104
gatto,2.982787413459118,7.424743279504549,10.445729929640565,10.676161070576455,-21.412207965194295,15.283986526681048,21.36553797470116
gatto,3.134360418323741,7.342876774040799,10.014721688144482,11.520626670951515,22.38602001568631,15.410690065296388,22.508718477657766
gatto,3.065799333591718,7.5781062046943175,10.115858307850997,10.924340185138288,21.464523314240356,14.932702268278751,-21.971357284030887
gatto,2.918186991701203,7.541609009272108,10.821045744819868,10.55297415467094,21.752523966842027,14.339913794443133,-21.261513201013024
gatto,3.0213857234369144,7.457507385624494,11.53420906615125,11.570982791585385,-24.173499366593955,15.346037547637179,23.125311041678124
gatto,2.8101941779438286,6.3985436928728605,9.965946616238627,10.38237333152169,20.621490881665544,13.595478495768443,20.850265303553734
gatto,2.847102901845697,6.273383355840449,10.191293355792483,10.149488054124426,20.372029236080127,-14.239359595476865,-20.655180406487947
gatto,2.9598112861038515,6.7779313644020664,9.049950532146251,10.504087018591795,-20.629423648797733,-14.000068664246148,20.329853570004655
gatto,3.158226065793749,7.456671914112269,11.587492877752874,13.38752380927032,25.89478456527036,18.254979162755554,26.404932610967148
gatto,3.0140238004628443,7.0747206765574315,10.976684270094276,11.354804609496894,22.637375112822056,-15.387335499006102,-22.710956736541924
gatto,3.0882489015343477,7.634197857824328,10.283598958157004,11.349394451412905,22.19452096655493,15.74401326372628,-22.62001666076569
gatto,3.155173459825244,7.828657782093146,11.860862716685581,12.33130398168952,24.55382470061499,17.295837864281623,24.604982845464036
gatto,3.1369218464569397,8.105420645976817,10.590632149244488,12.495341405720444,25.42722649833944,17.08144360372931,24.038690199164705
gatto,2.820351487302867,5.897525961702006,9.026708022179246,10.164547703575714,-19.89909168701585,-13.229414055687089,19.9229441275836
gatto,2.9790751897485914,6.5685665625696545,9.577018514054673,10.01194154729005,19.808044778079044,13.36348538415481,20.870423793614247
gatto,3.1105935968478904,7.117665349517928,11.22318254282967,11.564060696537952,23.111729298641134,15.263496131424928,23.104721750644263
gatto,3.097668693474793,7.318647757473374,10.393168720678723,11.782183091547212,-23.141392057409508,15.51824920890132,22.943123662289207
gatto,2.8441651295372403,7.084984962490378,9.636894783681688,10.424728541841974,20.497198368573738,13.971880227271528,20.83456349031787
gatto,3.03325688453261,6.800069636980382,10.541972068522751,12.10517695687924,23.677132786982472,16.052624635397972,-23.512048201997633
gatto,3.0803238536252633,7.98888790252889,10.116847858775515,11.53542692998675,-22.375676599280062,-16.64071833529205,22.962160698998865
gatto,2.0816080165582074,5.103498124259588,6.698336750510465,6.929318041949472,-13.82593548768994,9.484271029332378,-13.99261494233203
gatto,2.965993627316883,6.467028224372975,10.777001500637372,11.038981359597939,-22.241685630772444,-14.471734097530415,22.01158937901957
gatto,3.0531986949729886,6.83702173663221,10.393753515942766,11.924770319760754,-23.230379418819936,15.348129194240084,-23.23879646311256
gatto,3.167047058711432,8.79504358524909,11.655295233776588,12.682698691401752,25.149342490346818,-17.322191185408677,24.915298899455383
gatto,3.1442526119980037,8.330065366628803,11.928485388622112,11.514224960669813,23.35130309498403,15.745696958793502,23.427545159153794
gatto,2.9031508064549847,6.664569375119783,10.039598204221644,9.3355681554015,19.035502543279435,12.80673109150023,-19.651820106776466
gatto,3.127641733851933,7.459599856337443,10.45298614614776,11.852430682786196,23.178627839521234,15.678625669115824,23.13487994400921
gatto,2.8798395666809466,5.913593383612641,9.450793054874636,9.782891894234437,19.400406434409543,12.746767018000467,-20.65474162918544
gatto,3.002321261123011,7.0998867928762115,9.830012749386173,10.7938340310041,21.13426598348533,-15.345809441486063,21.560745268878076
gatto,2.93952079637693,6.675204249973616,9.991054117155596,10.161209326916994,20.34365161354796,13.85589310115962,-20.443420952564065
gatto,2.717795626069953,6.004790439646769,9.132199344729575,9.095635279533724,18.26109926063724,12.170316143284102,-18.54709317824959
gatto,2.9508835782261076,6.318029673263582,9.638455888686577,10.300320274183173,20.298059815241096,13.517910758309936,20.725819317137127
gatto,2.939314468707878,7.060967516654774,10.240867157195602,10.791352890773156,-21.56182240075351,-14.837833984090235,21.38802024947096
gatto,2.7937945890427156,6.766732235454861,9.291942417171068,9.706068851601028,19.20556424602555,-13.148386378225693,20.52870480137914
gatto,3.04135200941792,8.247266049006209,10.020765511352664,10.493155452073518,-20.834018373032208,-15.238185032709682,-20.9972079163413
gatto,3.0339834159207344,7.170650265492511,10.547364581290042,10.479004176572266,-21.034833111297782,-14.064336022398436,-21.366607353905405
